<?xml version="1.0" encoding="UTF-8"?>
<preferences>
 <debug showDebugMenu="0" />
 <systemtable filter="All Interfaces">
  <columns>
   <connections preferredWidth="31" />
   <irq preferredWidth="34" />
  </columns>
 </systemtable>
 <library
   expandedCategories="Project,Library/Interface Protocols,Library/Basic Functions/Clocks; PLLs and Resets/PLL,Library,Library/Interface Protocols/Transceiver PLL,Library/Basic Functions,Library/Basic Functions/Clocks; PLLs and Resets,Library/University Program/Clock,Library/University Program" />
 <window width="1100" height="800" x="593" y="48" />
 <hdlexample language="VHDL" />
 <generation path="PLL2" />
</preferences>
