<?xml version="1.0" encoding="UTF-8"?>
<preferences>
 <debug showDebugMenu="0" />
 <systemtable filter="All Interfaces">
  <columns>
   <connections preferredWidth="31" />
   <irq preferredWidth="34" />
  </columns>
 </systemtable>
 <library
   expandedCategories="Library/Basic Functions/Clocks; PLLs and Resets,Project,Library,Library/Basic Functions/Clocks; PLLs and Resets/PLL,Library/Basic Functions" />
 <window width="1100" height="800" x="679" y="45" />
 <generation synthesis="VHDL" path="pll2" />
 <hdlexample language="VHDL" />
</preferences>
