{
	"partitions" : [
		{
			"name" : "Top",
			"pins" : [
				{
					"name" : "disp1[6]",
					"strict" : false
				},
				{
					"name" : "disp1[5]",
					"strict" : false
				},
				{
					"name" : "disp1[4]",
					"strict" : false
				},
				{
					"name" : "disp1[3]",
					"strict" : false
				},
				{
					"name" : "disp1[2]",
					"strict" : false
				},
				{
					"name" : "disp1[1]",
					"strict" : false
				},
				{
					"name" : "disp1[0]",
					"strict" : false
				},
				{
					"name" : "disp2[6]",
					"strict" : false
				},
				{
					"name" : "disp2[5]",
					"strict" : false
				},
				{
					"name" : "disp2[4]",
					"strict" : false
				},
				{
					"name" : "disp2[3]",
					"strict" : false
				},
				{
					"name" : "disp2[2]",
					"strict" : false
				},
				{
					"name" : "disp2[1]",
					"strict" : false
				},
				{
					"name" : "disp2[0]",
					"strict" : false
				},
				{
					"name" : "lcd[0]",
					"strict" : false
				},
				{
					"name" : "lcd[1]",
					"strict" : false
				},
				{
					"name" : "lcd[2]",
					"strict" : false
				},
				{
					"name" : "lcd[3]",
					"strict" : false
				},
				{
					"name" : "lcd[4]",
					"strict" : false
				},
				{
					"name" : "lcd[5]",
					"strict" : false
				},
				{
					"name" : "lcd[6]",
					"strict" : false
				},
				{
					"name" : "lcd[7]",
					"strict" : false
				},
				{
					"name" : "enviar",
					"strict" : false
				},
				{
					"name" : "rs",
					"strict" : false
				},
				{
					"name" : "clock",
					"strict" : false
				},
				{
					"name" : "clk",
					"strict" : false
				},
				{
					"name" : "data",
					"strict" : false
				}
			]
		}
	]
}