{
	"partitions" : [
		{
			"name" : "Top",
			"pins" : [
				{
					"name" : "output[10]",
					"strict" : false
				},
				{
					"name" : "output[9]",
					"strict" : false
				},
				{
					"name" : "output[8]",
					"strict" : false
				},
				{
					"name" : "output[7]",
					"strict" : false
				},
				{
					"name" : "output[6]",
					"strict" : false
				},
				{
					"name" : "output[5]",
					"strict" : false
				},
				{
					"name" : "output[4]",
					"strict" : false
				},
				{
					"name" : "output[3]",
					"strict" : false
				},
				{
					"name" : "output[2]",
					"strict" : false
				},
				{
					"name" : "output[1]",
					"strict" : false
				},
				{
					"name" : "output[0]",
					"strict" : false
				},
				{
					"name" : "data",
					"strict" : false
				},
				{
					"name" : "clock",
					"strict" : false
				}
			]
		}
	]
}